name,type,kind,null?,default,primary key,unique key,check,expression,comment,policy name,privacy domain
MUTUAL_ACTION_PLAN_C,VARCHAR(765),COLUMN,Y,,N,N,,,,,
CAP_1_C,FLOAT,COLUMN,Y,,N,N,,,,,
CAPACITY_DISCOUNT_C,FLOAT,COLUMN,Y,,N,N,,,,,
INDUSTRY_C,VARCHAR(765),COLUMN,Y,,N,N,,,,,
IN_MY_NUMBER_PS_C,BOOLEAN,COLUMN,Y,,N,N,,,,,
OPPORTUNITY_LOCKED_C,BOOLEAN,COLUMN,Y,,N,N,,,,,
PARTNER_NAME_C,VARCHAR(18),COLUMN,Y,,N,N,,,,,
QUALITY_OF_OPPORTUNITY_C,VARCHAR(765),COLUMN,Y,,N,N,,,,,
TRACT_ENTRY_DATE_C,TIMESTAMP_TZ(9),COLUMN,Y,,N,N,,,,,
WI_LEAD_ID_C,FLOAT,COLUMN,Y,,N,N,,,,,
LEAD_SALES_ENGINEER_FOR_THIS_OPPORTUNITY_C,VARCHAR(18),COLUMN,Y,,N,N,,,,,
DEACTIVATIONS_C,VARCHAR(765),COLUMN,Y,,N,N,,,,,
DNBI_COMMERCIAL_CREDIT_SCORE_C,VARCHAR(765),COLUMN,Y,,N,N,,,,,
DNBI_DN_B_COMPANY_NAME_C,VARCHAR(765),COLUMN,Y,,N,N,,,,,
REFERRED_BY_C,VARCHAR(18),COLUMN,Y,,N,N,,,,,
CHAMPION_C,VARCHAR(18),COLUMN,Y,,N,N,,,,,
COMPETING_AGAINST_C,VARCHAR(4099),COLUMN,Y,,N,N,,,,,
DSE_ORDER_NUMBER_C,VARCHAR(24),COLUMN,Y,,N,N,,,,,
FISCAL,VARCHAR(6),COLUMN,Y,,N,N,,,,,
FISCAL_YEAR,"NUMBER(38,0)",COLUMN,Y,,N,N,,,,,
DNBI_VIABILITY_DATA_DEPTH_INDICATOR_C,VARCHAR(765),COLUMN,Y,,N,N,,,,,
POC_END_DATE_C,DATE,COLUMN,Y,,N,N,,,,,
ADDITIONAL_DEPLOYMENT_REQUEST_C,VARCHAR(765),COLUMN,Y,,N,N,,,,,
MONTHLY_MINIMUM_C,FLOAT,COLUMN,Y,,N,N,,,,,
PRIMARY_DEPLOYMENT_CLOUD_C,VARCHAR(765),COLUMN,Y,,N,N,,,,,
FORECAST_CATEGORY,VARCHAR(120),COLUMN,Y,,N,N,,,,,
ID,VARCHAR(18),COLUMN,Y,,N,N,,,,,
LINK_TO_BVA_C,VARCHAR(765),COLUMN,Y,,N,N,,,,,
WHY_CHANGE_C,VARCHAR(765),COLUMN,Y,,N,N,,,,,
ADDRESSED_SNOWFLAKE_VIABILITY_CONCERN_C,BOOLEAN,COLUMN,Y,,N,N,,,,,
AMENDMENT_TYPE_C,VARCHAR(765),COLUMN,Y,,N,N,,,,,
APPROVED_FOR_PROVISIONING_C,BOOLEAN,COLUMN,Y,,N,N,,,,,
NAME,VARCHAR(360),COLUMN,Y,,N,N,,,,,
ALLOW_BACKDATING_C,BOOLEAN,COLUMN,Y,,N,N,,,,,
BVA_COMPLETED_C,BOOLEAN,COLUMN,Y,,N,N,,,,,
NDA_RECEIVED_C,BOOLEAN,COLUMN,Y,,N,N,,,,,
COUPA_PO_C,VARCHAR(60),COLUMN,Y,,N,N,,,,,
DNBI_COMMERCIAL_CREDIT_SCORE_PERCENTILES_C,VARCHAR(765),COLUMN,Y,,N,N,,,,,
FISCAL_QUARTER,"NUMBER(38,0)",COLUMN,Y,,N,N,,,,,
LEAD_SE_3_C,VARCHAR(18),COLUMN,Y,,N,N,,,,,
PENETRATION_TEST_REPORT_SENT_C,BOOLEAN,COLUMN,Y,,N,N,,,,,
POC_RISK_LEVEL_C,VARCHAR(765),COLUMN,Y,,N,N,,,,,
REASON_FOR_NO_SI_PARTNER_C,VARCHAR(765),COLUMN,Y,,N,N,,,,,
SUPPORT_FORECAST_C,FLOAT,COLUMN,Y,,N,N,,,,,
CONTACT_C,VARCHAR(18),COLUMN,Y,,N,N,,,,,
DATE_ACCEPTED_C,DATE,COLUMN,Y,,N,N,,,,,
CLOSED_LOST_RE_MARKET_DATE_C,DATE,COLUMN,Y,,N,N,,,,,
DEAL_REGISTRATION_ID_C,VARCHAR(300),COLUMN,Y,,N,N,,,,,
DNBI_PRIMARY_NAICS_C,VARCHAR(765),COLUMN,Y,,N,N,,,,,
LAST_MODIFIED_DATE,TIMESTAMP_TZ(9),COLUMN,Y,,N,N,,,,,
LID_LINKED_IN_COMPANY_ID_C,VARCHAR(240),COLUMN,Y,,N,N,,,,,
LIVE_POC_PLAN_C,VARCHAR(765),COLUMN,Y,,N,N,,,,,
MANAGER_NOTES_C,VARCHAR(98304),COLUMN,Y,,N,N,,,,,
METRICS_C,VARCHAR(30000),COLUMN,Y,,N,N,,,,,
SBQQ_QUOTE_PRICEBOOK_ID_C,VARCHAR(54),COLUMN,Y,,N,N,,,,,
SE_COMMENTS_C,VARCHAR(98304),COLUMN,Y,,N,N,,,,,
GCP_CONTRACT_SHARE_C,FLOAT,COLUMN,Y,,N,N,,,,,
DNBI_EMPLOYEES_C,VARCHAR(765),COLUMN,Y,,N,N,,,,,
EARLY_ADOPTER_C,BOOLEAN,COLUMN,Y,,N,N,,,,,
NON_STANDARD_TERMS_C,BOOLEAN,COLUMN,Y,,N,N,,,,,
PSE_PRACTICE_C,VARCHAR(18),COLUMN,Y,,N,N,,,,,
REDLINES_COMPLETED_C,BOOLEAN,COLUMN,Y,,N,N,,,,,
VAT_GST_NO_C,VARCHAR(765),COLUMN,Y,,N,N,,,,,
RECORD_TYPE_ID,VARCHAR(18),COLUMN,Y,,N,N,,,,,
SBAA_SUBMITTED_USER_C,VARCHAR(18),COLUMN,Y,,N,N,,,,,
SBQQ_AMENDED_CONTRACT_C,VARCHAR(18),COLUMN,Y,,N,N,,,,,
SBQQ_PRIMARY_QUOTE_C,VARCHAR(18),COLUMN,Y,,N,N,,,,,
LEVEL_OF_PAIN_C,VARCHAR(765),COLUMN,Y,,N,N,,,,,
LOST_TO_C,VARCHAR(765),COLUMN,Y,,N,N,,,,,
PAYMENT_FREQUENCY_C,VARCHAR(765),COLUMN,Y,,N,N,,,,,
PSE_PARENT_OPPORTUNITY_C,VARCHAR(18),COLUMN,Y,,N,N,,,,,
LOST_TO_OTHER_C,VARCHAR(60),COLUMN,Y,,N,N,,,,,
SBAA_SUBMITTED_DATE_C,DATE,COLUMN,Y,,N,N,,,,,
LAST_ACTIVITY_DATE,DATE,COLUMN,Y,,N,N,,,,,
SBQQ_RENEWED_CONTRACT_C,VARCHAR(18),COLUMN,Y,,N,N,,,,,
SQO_C,BOOLEAN,COLUMN,Y,,N,N,,,,,
SECONDARY_DEPLOYMENT_CLOUD_C,VARCHAR(765),COLUMN,Y,,N,N,,,,,
AMENDMENT_ORDER_NUMBER_C,VARCHAR(765),COLUMN,Y,,N,N,,,,,
IS_WON,BOOLEAN,COLUMN,Y,,N,N,,,,,
REFERENCE_CALL_COMPLETED_C,BOOLEAN,COLUMN,Y,,N,N,,,,,
REFERRED_BY_OTHER_C,VARCHAR(60),COLUMN,Y,,N,N,,,,,
REJECTED_DATE_C,DATE,COLUMN,Y,,N,N,,,,,
LEAN_DATA_REPORTING_OPPORTUNITY_SOURCE_C,VARCHAR(765),COLUMN,Y,,N,N,,,,,
POREQUIRED_C,VARCHAR(765),COLUMN,Y,,N,N,,,,,
SOC_REPORT_SENT_C,BOOLEAN,COLUMN,Y,,N,N,,,,,
CAPACITY_COUNTER_C,FLOAT,COLUMN,Y,,N,N,,,,,
DNBI_DN_B_APPLICATION_ID_C,VARCHAR(75),COLUMN,Y,,N,N,,,,,
DNBI_D_B_ADDRESS_C,VARCHAR(765),COLUMN,Y,,N,N,,,,,
DSCORGPKG_CONVERTED_FROM_DISCOVERORG_DATA_C,BOOLEAN,COLUMN,Y,,N,N,,,,,
PSE_GROUP_C,VARCHAR(18),COLUMN,Y,,N,N,,,,,
LEAN_DATA_DAYS_IN_STAGE_C,FLOAT,COLUMN,Y,,N,N,,,,,
PSE_RATE_CARD_PERCENTAGE_DISCOUNT_C,FLOAT,COLUMN,Y,,N,N,,,,,
USER_BUYER_C,VARCHAR(18),COLUMN,Y,,N,N,,,,,
DNBI_D_B_COUNTRY_C,VARCHAR(765),COLUMN,Y,,N,N,,,,,
LAST_CONTACT_UPDATE_C,TIMESTAMP_TZ(9),COLUMN,Y,,N,N,,,,,
PRICEBOOK_2_ID,VARCHAR(18),COLUMN,Y,,N,N,,,,,
PROBABILITY,FLOAT,COLUMN,Y,,N,N,,,,,
LEAN_DATA_ROUTING_ACTION_C,VARCHAR(96),COLUMN,Y,,N,N,,,,,
PARTNER_REFERRAL_C,VARCHAR(4099),COLUMN,Y,,N,N,,,,,
NON_STANDARD_DEAL_C,BOOLEAN,COLUMN,Y,,N,N,,,,,
AZURE_REGISTERED_C,BOOLEAN,COLUMN,Y,,N,N,,,,,
LEAN_DATA_REPORTING_LAST_RUN_DATE_C,TIMESTAMP_TZ(9),COLUMN,Y,,N,N,,,,,
MANAGER_FORECAST_C,BOOLEAN,COLUMN,Y,,N,N,,,,,
CONTRACT_STATUS_C,VARCHAR(765),COLUMN,Y,,N,N,,,,,
LITMOS_ORDER_NUMBER_C,VARCHAR(24),COLUMN,Y,,N,N,,,,,
SALES_QUALIFIED_DATE_C,DATE,COLUMN,Y,,N,N,,,,,
SOLUTION_PARTNER_C,VARCHAR(18),COLUMN,Y,,N,N,,,,,
TRAKT_ORDER_NUMBER_C,VARCHAR(765),COLUMN,Y,,N,N,,,,,
CHANNEL_C,VARCHAR(765),COLUMN,Y,,N,N,,,,,
CREATED_DATE,TIMESTAMP_TZ(9),COLUMN,Y,,N,N,,,,,
DATABASE_STORAGE_TB_C,FLOAT,COLUMN,Y,,N,N,,,,,
LITMOS_TRACKING_NUMBER_C,VARCHAR(36),COLUMN,Y,,N,N,,,,,
USE_CASES_C,VARCHAR(4099),COLUMN,Y,,N,N,,,,,
PRE_SEGMENTATION_OPPORTUNITY_OWNER_ID_C,VARCHAR(300),COLUMN,Y,,N,N,,,,,
DEALS_ALERT_EMAIL_SENT_C,BOOLEAN,COLUMN,Y,,N,N,,,,,
DECOMMISSION_SNOWFLAKE_ACCOUNT_C,VARCHAR(765),COLUMN,Y,,N,N,,,,,
DNBI_DN_B_DUNS_NO_C,VARCHAR(33),COLUMN,Y,,N,N,,,,,
PARTNER_INVOLVEMENT_C,VARCHAR(4099),COLUMN,Y,,N,N,,,,,
SBQQ_CONTRACTED_C,BOOLEAN,COLUMN,Y,,N,N,,,,,
CREDITED_BDR_C,VARCHAR(18),COLUMN,Y,,N,N,,,,,
DNBI_DN_B_CREDIT_TERM_STATUS_C,VARCHAR(90),COLUMN,Y,,N,N,,,,,
MAIN_CLOUD_FOR_THIS_OPPORTUNITY_C,VARCHAR(765),COLUMN,Y,,N,N,,,,,
SYSTEM_MODSTAMP,TIMESTAMP_TZ(9),COLUMN,Y,,N,N,,,,,
DEBOOKED_OPPORTUNITY_C,VARCHAR(18),COLUMN,Y,,N,N,,,,,
IS_CLOSED,BOOLEAN,COLUMN,Y,,N,N,,,,,
PSE_FORECAST_CURVE_C,VARCHAR(18),COLUMN,Y,,N,N,,,,,
SOLUTION_PARTNER_NEW_C,VARCHAR(18),COLUMN,Y,,N,N,,,,,
SOURCED_PARTNER_C,VARCHAR(18),COLUMN,Y,,N,N,,,,,
CLOUD_PLATFORM_C,VARCHAR(4099),COLUMN,Y,,N,N,,,,,
CLOSE_PLAN_C,BOOLEAN,COLUMN,Y,,N,N,,,,,
CLOUD_C,VARCHAR(765),COLUMN,Y,,N,N,,,,,
DNBI_DN_B_APPLICATION_MODIFIED_DATE_C,TIMESTAMP_TZ(9),COLUMN,Y,,N,N,,,,,
DNBI_PAYDEX_C,VARCHAR(765),COLUMN,Y,,N,N,,,,,
PRIMARY_DEPLOYMENT_REGION_C,VARCHAR(765),COLUMN,Y,,N,N,,,,,
REFERRED_TO_OTHER_C,VARCHAR(60),COLUMN,Y,,N,N,,,,,
TECHNOLOGY_C,VARCHAR(98304),COLUMN,Y,,N,N,,,,,
CREATED_BY_ROLE_C,VARCHAR(480),COLUMN,Y,,N,N,,,,,
CROSS_SELL_C,BOOLEAN,COLUMN,Y,,N,N,,,,,
PRODUCT_INTEREST_C,VARCHAR(750),COLUMN,Y,,N,N,,,,,
STORAGE_AMENDMENT_ON_FILE_C,BOOLEAN,COLUMN,Y,,N,N,,,,,
IDENTIFY_PAIN_C,VARCHAR(75000),COLUMN,Y,,N,N,,,,,
OTHER_USE_CASES_C,VARCHAR(765),COLUMN,Y,,N,N,,,,,
AWS_REGISTERED_C,BOOLEAN,COLUMN,Y,,N,N,,,,,
COMPETITIVE_CONFIGURATION_C,VARCHAR(750),COLUMN,Y,,N,N,,,,,
CLOUD_REGISTRATION_ACCEPTED_C,VARCHAR(765),COLUMN,Y,,N,N,,,,,
DNBI_DN_B_EARLY_PAYMENT_DISCOUNT_C,VARCHAR(300),COLUMN,Y,,N,N,,,,,
DNBI_FINANCIAL_STRESS_SCORE_CLASS_C,VARCHAR(765),COLUMN,Y,,N,N,,,,,
PARTNER_TYPE_C,VARCHAR(765),COLUMN,Y,,N,N,,,,,
SBAA_STEP_APPROVED_C,BOOLEAN,COLUMN,Y,,N,N,,,,,
IN_MY_NUMBER_RD_C,BOOLEAN,COLUMN,Y,,N,N,,,,,
ON_DEMAND_PROHIBITED_C,BOOLEAN,COLUMN,Y,,N,N,,,,,
IN_MY_NUMBER_SD_C,BOOLEAN,COLUMN,Y,,N,N,,,,,
IS_PRIVATE,BOOLEAN,COLUMN,Y,,N,N,,,,,
LEAN_DATA_REPORTING_WON_NUMBER_C,VARCHAR(765),COLUMN,Y,,N,N,,,,,
OPPORTUNITY_SOURCE_C,VARCHAR(765),COLUMN,Y,,N,N,,,,,
SOURCED_PARTNER_METHOD_C,VARCHAR(180),COLUMN,Y,,N,N,,,,,
SUBSCRIPTION_START_DATE_C,DATE,COLUMN,Y,,N,N,,,,,
ADDITIONAL_INTEGRATIONS_C,VARCHAR(765),COLUMN,Y,,N,N,,,,,
LAST_VIEWED_DATE,TIMESTAMP_TZ(9),COLUMN,Y,,N,N,,,,,
LEGAL_RESOURCE_C,VARCHAR(90),COLUMN,Y,,N,N,,,,,
ORGANIZATION_GOAL_CORP_OBJECTIVE_C,VARCHAR(765),COLUMN,Y,,N,N,,,,,
SBQQ_ORDER_GROUP_ID_C,VARCHAR(765),COLUMN,Y,,N,N,,,,,
PSE_PRIMARY_PROJECT_C,VARCHAR(18),COLUMN,Y,,N,N,,,,,
DATA_RECEIVED_C,BOOLEAN,COLUMN,Y,,N,N,,,,,
LEAN_DATA_ORDER_NUMBER_C,VARCHAR(24),COLUMN,Y,,N,N,,,,,
LID_IS_INFLUENCED_C,BOOLEAN,COLUMN,Y,,N,N,,,,,
LITMOS_DELIVERY_INSTALLATION_STATUS_C,VARCHAR(765),COLUMN,Y,,N,N,,,,,
PSE_IS_SERVICES_OPPORTUNITY_C,BOOLEAN,COLUMN,Y,,N,N,,,,,
STATISTICAL_TOOL_C,VARCHAR(4099),COLUMN,Y,,N,N,,,,,
CREATE_PRESALES_PROJECT_C,BOOLEAN,COLUMN,Y,,N,N,,,,,
DECISION_CRITERIA_C,VARCHAR(30000),COLUMN,Y,,N,N,,,,,
PROVIDED_REFERRAL_C,VARCHAR(4099),COLUMN,Y,,N,N,,,,,
BDR_INVOLVED_C,VARCHAR(18),COLUMN,Y,,N,N,,,,,
BILLING_ON_HOLD_C,BOOLEAN,COLUMN,Y,,N,N,,,,,
ENGAGE_AN_SI_C,VARCHAR(765),COLUMN,Y,,N,N,,,,,
IS_DELETED,BOOLEAN,COLUMN,Y,,N,N,,,,,
LAST_ACCOUNT_ACTIVITY_ON_CREATION_C,DATE,COLUMN,Y,,N,N,,,,,
PRE_SEGMENTATION_OPPORTUNITY_OWNER_C,VARCHAR(300),COLUMN,Y,,N,N,,,,,
SOLUTION_INTEREST_C,VARCHAR(4099),COLUMN,Y,,N,N,,,,,
TECHNICAL_BUYER_C,VARCHAR(18),COLUMN,Y,,N,N,,,,,
TYPE,VARCHAR(765),COLUMN,Y,,N,N,,,,,
AMOUNT_OF_DATA_C,VARCHAR(30),COLUMN,Y,,N,N,,,,,
CURRENT_BI_TOOL_C,VARCHAR(4099),COLUMN,Y,,N,N,,,,,
SBQQ_RENEWAL_C,BOOLEAN,COLUMN,Y,,N,N,,,,,
IN_MY_NUMBER_RVP_C,BOOLEAN,COLUMN,Y,,N,N,,,,,
TAX_EXEMPTION_C,VARCHAR(765),COLUMN,Y,,N,N,,,,,
BILLING_EMAIL_C,VARCHAR(240),COLUMN,Y,,N,N,,,,,
CLOSE_DATE,DATE,COLUMN,Y,,N,N,,,,,
ECONMIC_BUYER_C,VARCHAR(18),COLUMN,Y,,N,N,,,,,
INTENSITY_C,VARCHAR(765),COLUMN,Y,,N,N,,,,,
NEXT_STEP,VARCHAR(765),COLUMN,Y,,N,N,,,,,
SBQQ_CREATE_CONTRACTED_PRICES_C,BOOLEAN,COLUMN,Y,,N,N,,,,,
TERMINUS_IMPRESSIONS_C,FLOAT,COLUMN,Y,,N,N,,,,,
WHY_SNOWFLAKE_C,VARCHAR(765),COLUMN,Y,,N,N,,,,,
SBAA_APPROVER_C,VARCHAR(18),COLUMN,Y,,N,N,,,,,
CLOUD_REGISTERED_C,VARCHAR(765),COLUMN,Y,,N,N,,,,,
DNBI_VIABILITY_RATING_C,VARCHAR(765),COLUMN,Y,,N,N,,,,,
PSE_RATE_CARD_DISCOUNT_LIMIT_C,FLOAT,COLUMN,Y,,N,N,,,,,
REFERRED_TO_C,VARCHAR(18),COLUMN,Y,,N,N,,,,,
IN_MY_NUMBER_SUPPORT_C,BOOLEAN,COLUMN,Y,,N,N,,,,,
OF_CREDITS_PURCHASED_C,FLOAT,COLUMN,Y,,N,N,,,,,
PIPELINE_SOURCE_C,VARCHAR(765),COLUMN,Y,,N,N,,,,,
PROJECT_CREATED_C,BOOLEAN,COLUMN,Y,,N,N,,,,,
SYNCED_QUOTE_ID,VARCHAR(18),COLUMN,Y,,N,N,,,,,
COMPETITION_C,VARCHAR(4099),COLUMN,Y,,N,N,,,,,
DNBI_VIABILITY_VIABILITY_SCORE_C,VARCHAR(765),COLUMN,Y,,N,N,,,,,
OVERRIDE_RENEWAL_ACV_CHECKBOX_C,BOOLEAN,COLUMN,Y,,N,N,,,,,
WHY_NOW_C,VARCHAR(765),COLUMN,Y,,N,N,,,,,
LAST_MODIFIED_BY_ID,VARCHAR(18),COLUMN,Y,,N,N,,,,,
CC_APPROVED_C,VARCHAR(765),COLUMN,Y,,N,N,,,,,
AZURE_CONTRACT_SHARE_C,FLOAT,COLUMN,Y,,N,N,,,,,
FORECAST_STATUS_C,VARCHAR(765),COLUMN,Y,,N,N,,,,,
GOOGLE_CLICK_ID_C,VARCHAR(765),COLUMN,Y,,N,N,,,,,
POC_LED_BY_C,VARCHAR(765),COLUMN,Y,,N,N,,,,,
CREATED_BY_ID,VARCHAR(18),COLUMN,Y,,N,N,,,,,
IN_MY_NUMBER_AVP_C,BOOLEAN,COLUMN,Y,,N,N,,,,,
SECONDARY_VALUE_DRIVER_C,VARCHAR(765),COLUMN,Y,,N,N,,,,,
CLOUD_FIELD_ALIGNMENT_REQUESTED_C,VARCHAR(765),COLUMN,Y,,N,N,,,,,
DECISION_PROCESS_C,VARCHAR(30000),COLUMN,Y,,N,N,,,,,
DNBI_DN_B_APPLICATION_CREATED_DATE_C,TIMESTAMP_TZ(9),COLUMN,Y,,N,N,,,,,
OPPORTUNITY_COUNTER_C,FLOAT,COLUMN,Y,,N,N,,,,,
PARTNER_TRANSACTION_FEE_C,FLOAT,COLUMN,Y,,N,N,,,,,
PSE_IS_PARENT_OPPORTUNITY_SERVICES_C,BOOLEAN,COLUMN,Y,,N,N,,,,,
CPS_NOTES_C,VARCHAR(98304),COLUMN,Y,,N,N,,,,,
RENEWAL_QUARTER_C,VARCHAR(30),COLUMN,Y,,N,N,,,,,
REQUESTED_REGION_C,VARCHAR(765),COLUMN,Y,,N,N,,,,,
SECURITY_QUESTIONNAIRE_COMPLETED_C,BOOLEAN,COLUMN,Y,,N,N,,,,,
CURRENT_DW_TOOL_C,VARCHAR(4099),COLUMN,Y,,N,N,,,,,
DNBI_PRIMARY_SIC_C,VARCHAR(765),COLUMN,Y,,N,N,,,,,
HAS_OVERDUE_TASK,BOOLEAN,COLUMN,Y,,N,N,,,,,
LEGAL_ASSISTANCE_REQUIRED_C,VARCHAR(765),COLUMN,Y,,N,N,,,,,
LITMOS_COMPETITOR_S_C,VARCHAR(765),COLUMN,Y,,N,N,,,,,
DEAL_TYPE_C,VARCHAR(765),COLUMN,Y,,N,N,,,,,
DEPLOYMENT_REGION_C,VARCHAR(765),COLUMN,Y,,N,N,,,,,
ERROR_C,VARCHAR(765),COLUMN,Y,,N,N,,,,,
PARTNER_ESTIMATED_CLOSE_DATE_C,DATE,COLUMN,Y,,N,N,,,,,
SERVICE_START_DATE_C,DATE,COLUMN,Y,,N,N,,,,,
SUBSCRIPTION_END_DATE_C,DATE,COLUMN,Y,,N,N,,,,,
ADROLL_ROLL_WORKS_INFLUENCED_C,BOOLEAN,COLUMN,Y,,N,N,,,,,
DB_COMPETITOR_C,VARCHAR(765),COLUMN,Y,,N,N,,,,,
DNBI_YEARS_IN_BUSINESS_C,VARCHAR(765),COLUMN,Y,,N,N,,,,,
OVERRIDE_BASE_RENEWAL_C,BOOLEAN,COLUMN,Y,,N,N,,,,,
PRIMARY_VALUE_DRIVER_C,VARCHAR(765),COLUMN,Y,,N,N,,,,,
PSE_IS_CHANGE_REQUEST_C,BOOLEAN,COLUMN,Y,,N,N,,,,,
PSE_REGION_C,VARCHAR(18),COLUMN,Y,,N,N,,,,,
SOLUTION_PARTNER_ENGAGEMENT_DATE_C,DATE,COLUMN,Y,,N,N,,,,,
STAGE_NAME,VARCHAR(765),COLUMN,Y,,N,N,,,,,
SF_IS_SET_UP_AS_A_NEW_VENDOR_C,BOOLEAN,COLUMN,Y,,N,N,,,,,
COACH_C,VARCHAR(18),COLUMN,Y,,N,N,,,,,
DNBI_D_B_ZIP_POSTAL_CODE_C,VARCHAR(765),COLUMN,Y,,N,N,,,,,
HAS_OPEN_ACTIVITY,BOOLEAN,COLUMN,Y,,N,N,,,,,
SBQQ_ORDERED_C,BOOLEAN,COLUMN,Y,,N,N,,,,,
WHAT_DID_WE_REPLACE_C,VARCHAR(4099),COLUMN,Y,,N,N,,,,,
DNBI_OPP_COUNTRY_C,VARCHAR(300),COLUMN,Y,,N,N,,,,,
LEAN_DATA_REPORTING_TOTAL_MARKETING_TOUCHES_C,FLOAT,COLUMN,Y,,N,N,,,,,
LITMOS_CURRENT_GENERATORS_C,VARCHAR(300),COLUMN,Y,,N,N,,,,,
LITMOS_MAIN_COMPETITORS_C,VARCHAR(300),COLUMN,Y,,N,N,,,,,
NEXT_STEPS_C,VARCHAR(98304),COLUMN,Y,,N,N,,,,,
SELF_SERVICE_SALE_ASSIST_AE_C,VARCHAR(420),COLUMN,Y,,N,N,,,,,
TERMINUS_CLICKS_C,FLOAT,COLUMN,Y,,N,N,,,,,
ACCOUNT_ID,VARCHAR(18),COLUMN,Y,,N,N,,,,,
COMPETING_AGAINST_OLD_C,VARCHAR(4099),COLUMN,Y,,N,N,,,,,
DNBI_OPP_STATE_C,VARCHAR(300),COLUMN,Y,,N,N,,,,,
POC_OVERALL_STATUS_C,VARCHAR(765),COLUMN,Y,,N,N,,,,,
TOP_POC_C,BOOLEAN,COLUMN,Y,,N,N,,,,,
CLOSED_REASON_C,VARCHAR(765),COLUMN,Y,,N,N,,,,,
DATA_SHARING_OPPORTUNITY_C,BOOLEAN,COLUMN,Y,,N,N,,,,,
DNBI_DN_B_STATUS_C,VARCHAR(300),COLUMN,Y,,N,N,,,,,
DNBI_RATING_C,VARCHAR(765),COLUMN,Y,,N,N,,,,,
FORECAST_CATEGORY_NAME,VARCHAR(765),COLUMN,Y,,N,N,,,,,
LEAD_SOURCE,VARCHAR(765),COLUMN,Y,,N,N,,,,,
OPPORTUNITY_NUMBER_C,VARCHAR(90),COLUMN,Y,,N,N,,,,,
SNOWFLAKE_ACCOUNT_FIRST_USER_C,VARCHAR(18),COLUMN,Y,,N,N,,,,,
AZURE_DEAL_REG_TIME_C,DATE,COLUMN,Y,,N,N,,,,,
DESCRIPTION,VARCHAR(96000),COLUMN,Y,,N,N,,,,,
ETL_TOOL_C,VARCHAR(4099),COLUMN,Y,,N,N,,,,,
AWS_CONTRACT_SHARE_C,FLOAT,COLUMN,Y,,N,N,,,,,
BUSINESS_VALUE_OF_DATA_C,VARCHAR(765),COLUMN,Y,,N,N,,,,,
DNBI_DN_B_PAYMENT_TERMS_C,VARCHAR(300),COLUMN,Y,,N,N,,,,,
FED_SLED_PARTNER_C,VARCHAR(18),COLUMN,Y,,N,N,,,,,
HAS_OPPORTUNITY_LINE_ITEM,BOOLEAN,COLUMN,Y,,N,N,,,,,
TERM_C,FLOAT,COLUMN,Y,,N,N,,,,,
WHAT_DID_WE_REPLACE_OLD_C,VARCHAR(4099),COLUMN,Y,,N,N,,,,,
CLOSED_REASON_DETAILS_C,VARCHAR(98304),COLUMN,Y,,N,N,,,,,
PAPER_PROCESS_C,VARCHAR(30000),COLUMN,Y,,N,N,,,,,
SBAA_APPROVAL_STATUS_C,VARCHAR(765),COLUMN,Y,,N,N,,,,,
SECONDARY_DEPLOYMENT_REGION_C,VARCHAR(765),COLUMN,Y,,N,N,,,,,
CPS_PILLARS_C,VARCHAR(4099),COLUMN,Y,,N,N,,,,,
DNBI_COMMERCIAL_CREDIT_SCORE_CLASS_C,VARCHAR(765),COLUMN,Y,,N,N,,,,,
OWNER_ID,VARCHAR(18),COLUMN,Y,,N,N,,,,,
POC_START_DATE_C,DATE,COLUMN,Y,,N,N,,,,,
CAPACITY_ORDER_FORM_SENT_C,BOOLEAN,COLUMN,Y,,N,N,,,,,
CSE_C,VARCHAR(18),COLUMN,Y,,N,N,,,,,
DNBI_FINANCIAL_STRESS_SCORE_PERCENTILE_C,VARCHAR(765),COLUMN,Y,,N,N,,,,,
DSE_MAIN_COMPETITORS_C,VARCHAR(300),COLUMN,Y,,N,N,,,,,
MISSING_PRODUCT_FEATURE_DETAIL_C,VARCHAR(765),COLUMN,Y,,N,N,,,,,
CUSTOMER_CONTACT_C,VARCHAR(18),COLUMN,Y,,N,N,,,,,
DNBI_D_B_CITY_C,VARCHAR(765),COLUMN,Y,,N,N,,,,,
LAST_REFERENCED_DATE,TIMESTAMP_TZ(9),COLUMN,Y,,N,N,,,,,
SHARE_TO_WI_C,BOOLEAN,COLUMN,Y,,N,N,,,,,
WEB_APP_NOTES_C,VARCHAR(765),COLUMN,Y,,N,N,,,,,
_FIVETRAN_SYNCED,TIMESTAMP_TZ(9),COLUMN,Y,,N,N,,,,,
CAPACITY_CO_TERM_C,BOOLEAN,COLUMN,Y,,N,N,,,,,
DNBI_D_B_STATE_PROVINCE_C,VARCHAR(765),COLUMN,Y,,N,N,,,,,
DO_NOT_CALL_LAMBDA_C,BOOLEAN,COLUMN,Y,,N,N,,,,,
LEAD_SALES_ENGINEER_C,VARCHAR(18),COLUMN,Y,,N,N,,,,,
LEGAL_RISK_STATUS_C,VARCHAR(765),COLUMN,Y,,N,N,,,,,
PSE_RATE_CARD_SET_C,VARCHAR(18),COLUMN,Y,,N,N,,,,,
IN_MY_NUMBER_C,BOOLEAN,COLUMN,Y,,N,N,,,,,
PONO_C,VARCHAR(762),COLUMN,Y,,N,N,,,,,
WORKFLOW_STATUS_C,VARCHAR(150),COLUMN,Y,,N,N,,,,,
AGREEMENT_TYPE_C,VARCHAR(765),COLUMN,Y,,N,N,,,,,
CURRENCY_ISO_CODE,VARCHAR(9),COLUMN,Y,,N,N,,,,,
CAMPAIGN_ID,VARCHAR(18),COLUMN,Y,,N,N,,,,,
DNBI_FINANCIAL_STRESS_SCORE_C,VARCHAR(765),COLUMN,Y,,N,N,,,,,
DNBI_VIABILITY_COMPANY_PROFILE_C,VARCHAR(765),COLUMN,Y,,N,N,,,,,
DNBI_VIABILITY_PORTFOLIO_COMPARISON_C,VARCHAR(765),COLUMN,Y,,N,N,,,,,
LEGAL_NOTES_C,VARCHAR(210000),COLUMN,Y,,N,N,,,,,
CUSTOMERS_PREFERRED_SI_C,VARCHAR(18),COLUMN,Y,,N,N,,,,,
DNBI_DN_B_REQUESTED_AMOUNT_C,"NUMBER(35,17)",COLUMN,Y,,N,N,,,,,
SBAA_APPROVAL_STEP_C,FLOAT,COLUMN,Y,,N,N,,,,,
TERMINUS_ENGAGEMENT_SCORE_C,VARCHAR(30),COLUMN,Y,,N,N,,,,,
OVERRIDE_GROWTH_ACV_C,BOOLEAN,COLUMN,Y,,N,N,,,,,
INFER_3_SCORE_INDEX_C,VARCHAR(16777216),COLUMN,Y,,N,N,,,,,
INFER_3_SCORE_OBJECT_ID_C,VARCHAR(16777216),COLUMN,Y,,N,N,,,,,
INFER_3_SCORE_SNAPSHOT_C,VARCHAR(16777216),COLUMN,Y,,N,N,,,,,
SQO_DATE_C,VARCHAR(16777216),COLUMN,Y,,N,N,,,,,
RESELLER_C,VARCHAR(16777216),COLUMN,Y,,N,N,,,,,
DECOMMISSION_DATE_C,VARCHAR(16777216),COLUMN,Y,,N,N,,,,,
SNOWFLAKE_ACCOUNT_URL_C,VARCHAR(16777216),COLUMN,Y,,N,N,,,,,
ACCEPTED_REJECTED_DATE_C,VARCHAR(16777216),COLUMN,Y,,N,N,,,,,
EVENTBRITE_SYNC_BUYER_C,VARCHAR(16777216),COLUMN,Y,,N,N,,,,,
EVENTBRITE_SYNC_EVENTBRITE_ID_C,VARCHAR(16777216),COLUMN,Y,,N,N,,,,,
ASSOCIATED_PARTNER_C,VARCHAR(16777216),COLUMN,Y,,N,N,,,,,
SE_NAME_C,VARCHAR(16777216),COLUMN,Y,,N,N,,,,,
SNOWFLAKE_RH_TEST_C,VARCHAR(16777216),COLUMN,Y,,N,N,,,,,
QUOTA_ACV_C,VARCHAR(16777216),COLUMN,Y,,N,N,,,,,
ADDITIONAL_REGION_REQUEST_C,VARCHAR(16777216),COLUMN,Y,,N,N,,,,,
ASSESSMENT_TYPE_C,VARCHAR(765),COLUMN,Y,,N,N,,,,,
ASSIGNED_ATTORNEY_C,VARCHAR(16777216),COLUMN,Y,,N,N,,,,,
CDP_WORKLOADS_IN_SCOPE_C,VARCHAR(4099),COLUMN,Y,,N,N,,,,,
TRACTSFADAPTER_ERROR_C,VARCHAR(16777216),COLUMN,Y,,N,N,,,,,
RESELLER_FEDERAL_ACCOUNT_C,VARCHAR(16777216),COLUMN,Y,,N,N,,,,,
TECHNICAL_WIN_C,VARCHAR(765),COLUMN,Y,,N,N,,,,,
LEAD_SE_C,VARCHAR(16777216),COLUMN,Y,,N,N,,,,,
P_2_S_BASE_1_PREVIOUS_TRANSITION_DATE_TIME_C,VARCHAR(16777216),COLUMN,Y,,N,N,,,,,
TRACTSFADAPTER_DEACTIVATIONS_C,VARCHAR(16777216),COLUMN,Y,,N,N,,,,,
HCLL_BIAS_C,VARCHAR(765),COLUMN,Y,,N,N,,,,,
PARTNER_SOURCED_C,VARCHAR(16777216),COLUMN,Y,,N,N,,,,,
LEAD_SE_2_C,VARCHAR(16777216),COLUMN,Y,,N,N,,,,,
LEGAL_ENGAGED_C,VARCHAR(16777216),COLUMN,Y,,N,N,,,,,
TECHNICAL_WIN_DATE_C,DATE,COLUMN,Y,,N,N,,,,,
SI_FEEDBACK_C,VARCHAR(16777216),COLUMN,Y,,N,N,,,,,
PARTNER_LED_POC_C,VARCHAR(16777216),COLUMN,Y,,N,N,,,,,
P_2_S_BASE_1_TRANSITION_DATE_TIME_C,VARCHAR(16777216),COLUMN,Y,,N,N,,,,,
SI_FEEDBACK_SCORE_C,VARCHAR(16777216),COLUMN,Y,,N,N,,,,,
TRACTSFADAPTER_AGREEMENT_TYPE_C,VARCHAR(16777216),COLUMN,Y,,N,N,,,,,
PLANNED_GO_LIVE_DATE_C,DATE,COLUMN,Y,,N,N,,,,,
POC_GO_NO_GO_DECISION_C,VARCHAR(765),COLUMN,Y,,N,N,,,,,
HCLL_TESTING_START_C,DATE,COLUMN,Y,,N,N,,,,,
PFLSWAG_IQ_SWAGGABLE_C,VARCHAR(16777216),COLUMN,Y,,N,N,,,,,
ESTIMATED_CLOSE_DATE_C,VARCHAR(16777216),COLUMN,Y,,N,N,,,,,
P_2_S_BASE_1_LIFECYCLE_STAGE_C,VARCHAR(16777216),COLUMN,Y,,N,N,,,,,
TOP_ENG_DEAL_C,BOOLEAN,COLUMN,Y,,N,N,,,,,
TRACTSFADAPTER_TRACT_ENTRY_DATE_C,VARCHAR(16777216),COLUMN,Y,,N,N,,,,,
TECHNICAL_CHAMPION_C,VARCHAR(18),COLUMN,Y,,N,N,,,,,
IS_SPLIT,BOOLEAN,COLUMN,Y,,N,N,,,,,
ESTIMATED_FIRST_YEAR_DEAL_SIZE_C,VARCHAR(16777216),COLUMN,Y,,N,N,,,,,
ESTIMATED_FIRST_CONTRACT_DEAL_SIZE_C,VARCHAR(16777216),COLUMN,Y,,N,N,,,,,
HCLL_TESTING_C,VARCHAR(765),COLUMN,Y,,N,N,,,,,
TRACTSFADAPTER_AMENDMENT_ORDER_NUMBER_C,VARCHAR(16777216),COLUMN,Y,,N,N,,,,,
TRIAL_ACCOUNT_URL_C,VARCHAR(765),COLUMN,Y,,N,N,,,,,
HC_NOTIFICATION_EMAIL_C,VARCHAR(240),COLUMN,Y,,N,N,,,,,
P_2_S_BASE_1_CONVERSION_GENERATED_OPPORTUNITY_C,VARCHAR(16777216),COLUMN,Y,,N,N,,,,,
OPPORTUNITY_OWNER_GEO_C,VARCHAR(3900),COLUMN,Y,,N,N,,,,,
PFLSWAG_IQ_LAST_STAGE_UPDATE_C,VARCHAR(16777216),COLUMN,Y,,N,N,,,,,
DATED_CONVERSION_RATE,FLOAT,COLUMN,Y,,N,N,,,,,
AMOUNT,FLOAT,COLUMN,Y,,N,N,,,,,
GROWTH_ACV_LOOKER_C,FLOAT,COLUMN,Y,,N,N,,,,,
EXPECTED_REVENUE,FLOAT,COLUMN,Y,,N,N,,,,,
BASE_RENEWAL_ACV_C,FLOAT,COLUMN,Y,,N,N,,,,,
CAPACITY_C,FLOAT,COLUMN,Y,,N,N,,,,,
CAPACITY_ANNUAL_PURCHASE_C,FLOAT,COLUMN,Y,,N,N,,,,,
DNBI_D_B_AVG_HIGH_CREDIT_C,FLOAT,COLUMN,Y,,N,N,,,,,
DNBI_D_B_HIGH_CREDIT_C,FLOAT,COLUMN,Y,,N,N,,,,,
EDUCATION_SERVICES_FORECAST_C,FLOAT,COLUMN,Y,,N,N,,,,,
EDUCATION_SERVICES_TCV_LOOKER_C,FLOAT,COLUMN,Y,,N,N,,,,,
FUNDING_AMOUNT_C,FLOAT,COLUMN,Y,,N,N,,,,,
GROSS_ACV_C,FLOAT,COLUMN,Y,,N,N,,,,,
MONETARY_CREDIT_C,FLOAT,COLUMN,Y,,N,N,,,,,
PS_NTE_C,FLOAT,COLUMN,Y,,N,N,,,,,
ON_DEMAND_STORAGE_PRICING_C,FLOAT,COLUMN,Y,,N,N,,,,,
OVERAGE_PRICE_PER_CREDIT_C,FLOAT,COLUMN,Y,,N,N,,,,,
OVERRIDE_RENEWAL_ACV_C,FLOAT,COLUMN,Y,,N,N,,,,,
PARTNER_ESTIMATED_FIRST_CONTRACT_AMOUNT_C,FLOAT,COLUMN,Y,,N,N,,,,,
PARTNER_ESTIMATED_FIRST_YEAR_AMOUNT_C,FLOAT,COLUMN,Y,,N,N,,,,,
PSE_PRE_BILLED_AMOUNT_C,FLOAT,COLUMN,Y,,N,N,,,,,
PRICE_PER_CREDIT_C,FLOAT,COLUMN,Y,,N,N,,,,,
PRODUCT_ACV_LOOKER_C,FLOAT,COLUMN,Y,,N,N,,,,,
FORECAST_ACV_UPSIDE_C,FLOAT,COLUMN,Y,,N,N,,,,,
PRODUCT_TCV_LOOKER_C,FLOAT,COLUMN,Y,,N,N,,,,,
SERVICES_FORECAST_C,FLOAT,COLUMN,Y,,N,N,,,,,
PST_FORECAST_C,FLOAT,COLUMN,Y,,N,N,,,,,
DNBI_DN_B_CREDIT_LIMIT_C,FLOAT,COLUMN,Y,,N,N,,,,,
REFERRAL_FEE_C,FLOAT,COLUMN,Y,,N,N,,,,,
SERVICES_TCV_LOOKER_C,FLOAT,COLUMN,Y,,N,N,,,,,
STORAGE_PRICING_C,FLOAT,COLUMN,Y,,N,N,,,,,
SUPPORT_ACV_LOOKER_C,FLOAT,COLUMN,Y,,N,N,,,,,
SUPPORT_TCV_LOOKER_C,FLOAT,COLUMN,Y,,N,N,,,,,
TERMINUS_SPEND_C,FLOAT,COLUMN,Y,,N,N,,,,,
FORECAST_ACV_C,FLOAT,COLUMN,Y,,N,N,,,,,
MRR_C,FLOAT,COLUMN,Y,,N,N,,,,,
BIZIBLE_2_BIZIBLE_OPPORTUNITY_AMOUNT_C,FLOAT,COLUMN,Y,,N,N,,,,,
ACV_GROWTH_C,VARCHAR(16777216),COLUMN,Y,,N,N,,,,,
MAX_CONCURRENCY_C,FLOAT,COLUMN,Y,,N,N,,,,,
RENEWAL_ACV_LOOKER_C,FLOAT,COLUMN,Y,,N,N,,,,,
AMOUNT_LOCALCURRENCY,"NUMBER(35,17)",COLUMN,Y,,N,N,,,,,
GROWTH_ACV_LOOKER_C_LOCALCURRENCY,"NUMBER(35,17)",COLUMN,Y,,N,N,,,,,
EXPECTED_REVENUE_LOCALCURRENCY,"NUMBER(35,17)",COLUMN,Y,,N,N,,,,,
BASE_RENEWAL_ACV_C_LOCALCURRENCY,"NUMBER(35,17)",COLUMN,Y,,N,N,,,,,
CAPACITY_C_LOCALCURRENCY,"NUMBER(35,17)",COLUMN,Y,,N,N,,,,,
CAPACITY_ANNUAL_PURCHASE_C_LOCALCURRENCY,"NUMBER(35,17)",COLUMN,Y,,N,N,,,,,
DNBI_D_B_AVG_HIGH_CREDIT_C_LOCALCURRENCY,"NUMBER(35,17)",COLUMN,Y,,N,N,,,,,
DNBI_D_B_HIGH_CREDIT_C_LOCALCURRENCY,"NUMBER(35,17)",COLUMN,Y,,N,N,,,,,
EDUCATION_SERVICES_FORECAST_C_LOCALCURRENCY,"NUMBER(35,17)",COLUMN,Y,,N,N,,,,,
EDUCATION_SERVICES_TCV_LOOKER_C_LOCALCURRENCY,"NUMBER(35,17)",COLUMN,Y,,N,N,,,,,
FUNDING_AMOUNT_C_LOCALCURRENCY,"NUMBER(35,17)",COLUMN,Y,,N,N,,,,,
GROSS_ACV_C_LOCALCURRENCY,"NUMBER(35,17)",COLUMN,Y,,N,N,,,,,
MONETARY_CREDIT_C_LOCALCURRENCY,"NUMBER(35,17)",COLUMN,Y,,N,N,,,,,
PS_NTE_C_LOCALCURRENCY,"NUMBER(35,17)",COLUMN,Y,,N,N,,,,,
ON_DEMAND_STORAGE_PRICING_C_LOCALCURRENCY,"NUMBER(35,17)",COLUMN,Y,,N,N,,,,,
OVERAGE_PRICE_PER_CREDIT_C_LOCALCURRENCY,"NUMBER(35,17)",COLUMN,Y,,N,N,,,,,
OVERRIDE_RENEWAL_ACV_C_LOCALCURRENCY,"NUMBER(35,17)",COLUMN,Y,,N,N,,,,,
PARTNER_ESTIMATED_FIRST_CONTRACT_AMOUNT_C_LOCALCURRENCY,"NUMBER(35,17)",COLUMN,Y,,N,N,,,,,
PARTNER_ESTIMATED_FIRST_YEAR_AMOUNT_C_LOCALCURRENCY,"NUMBER(35,17)",COLUMN,Y,,N,N,,,,,
PSE_PRE_BILLED_AMOUNT_C_LOCALCURRENCY,"NUMBER(35,17)",COLUMN,Y,,N,N,,,,,
PRICE_PER_CREDIT_C_LOCALCURRENCY,"NUMBER(35,17)",COLUMN,Y,,N,N,,,,,
PRODUCT_ACV_LOOKER_C_LOCALCURRENCY,"NUMBER(35,17)",COLUMN,Y,,N,N,,,,,
FORECAST_ACV_UPSIDE_C_LOCALCURRENCY,"NUMBER(35,17)",COLUMN,Y,,N,N,,,,,
PRODUCT_TCV_LOOKER_C_LOCALCURRENCY,"NUMBER(35,17)",COLUMN,Y,,N,N,,,,,
SERVICES_FORECAST_C_LOCALCURRENCY,"NUMBER(35,17)",COLUMN,Y,,N,N,,,,,
PST_FORECAST_C_LOCALCURRENCY,"NUMBER(35,17)",COLUMN,Y,,N,N,,,,,
DNBI_DN_B_CREDIT_LIMIT_C_LOCALCURRENCY,"NUMBER(35,17)",COLUMN,Y,,N,N,,,,,
REFERRAL_FEE_C_LOCALCURRENCY,"NUMBER(35,17)",COLUMN,Y,,N,N,,,,,
SERVICES_TCV_LOOKER_C_LOCALCURRENCY,"NUMBER(35,17)",COLUMN,Y,,N,N,,,,,
STORAGE_PRICING_C_LOCALCURRENCY,"NUMBER(35,17)",COLUMN,Y,,N,N,,,,,
SUPPORT_ACV_LOOKER_C_LOCALCURRENCY,"NUMBER(35,17)",COLUMN,Y,,N,N,,,,,
SUPPORT_TCV_LOOKER_C_LOCALCURRENCY,"NUMBER(35,17)",COLUMN,Y,,N,N,,,,,
TERMINUS_SPEND_C_LOCALCURRENCY,"NUMBER(35,17)",COLUMN,Y,,N,N,,,,,
FORECAST_ACV_C_LOCALCURRENCY,"NUMBER(35,17)",COLUMN,Y,,N,N,,,,,
MRR_C_LOCALCURRENCY,"NUMBER(35,17)",COLUMN,Y,,N,N,,,,,
BIZIBLE_2_BIZIBLE_OPPORTUNITY_AMOUNT_C_LOCALCURRENCY,"NUMBER(18,2)",COLUMN,Y,,N,N,,,,,
ORIGINAL_OPPORTUNITY_C,VARCHAR(18),COLUMN,Y,,N,N,,,,,
OUT_YEAR_SEGMENT_INDEX_C,FLOAT,COLUMN,Y,,N,N,,,,,
ACV_GROWTH_C_LOCALCURRENCY,VARCHAR(16777216),COLUMN,Y,,N,N,,,,,
MAX_CONCURRENCY_C_LOCALCURRENCY,FLOAT,COLUMN,Y,,N,N,,,,,
RENEWAL_ACV_LOOKER_C_LOCALCURRENCY,"NUMBER(35,17)",COLUMN,Y,,N,N,,,,,
SFCPQ_ENTITY_C,VARCHAR(765),COLUMN,Y,,N,N,,,,,
OPPORTUNITY_RISK_LEVEL_C,VARCHAR(765),COLUMN,Y,,N,N,,,,,
VH_OPPORTUNITY_SCORE_C,FLOAT,COLUMN,Y,,N,N,,,,,
CLM_AGREEMENT_STATUS_C,VARCHAR(765),COLUMN,Y,,N,N,,,,,
PS_FORECAST_CATEGORY_C,VARCHAR(765),COLUMN,Y,,N,N,,,,,
EDU_FORECAST_CATEGORY_C,VARCHAR(765),COLUMN,Y,,N,N,,,,,
PS_ACV_OVERRIDE_C,"NUMBER(35,17)",COLUMN,Y,,N,N,,,,,
PS_OUT_YEAR_AMOUNT_C,"NUMBER(35,17)",COLUMN,Y,,N,N,,,,,
EDUCATION_ACV_OVERRIDE_AMOUNT_C,"NUMBER(35,17)",COLUMN,Y,,N,N,,,,,
EDUCATION_OUT_YEAR_AMOUNT_C,"NUMBER(35,17)",COLUMN,Y,,N,N,,,,,
MIGRATION_AMOUNT_C,"NUMBER(35,17)",COLUMN,Y,,N,N,,,,,
INVESTMENT_TYPE_C,VARCHAR(765),COLUMN,Y,,N,N,,,,,
SERVICE_TYPE_C,VARCHAR(4099),COLUMN,Y,,N,N,,,,,
PS_T_COMMENTS_C,VARCHAR(98304),COLUMN,Y,,N,N,,,,,
SUBCONTRACTORS_C,VARCHAR(765),COLUMN,Y,,N,N,,,,,
RESOURCE_COMMENTS_C,VARCHAR(765),COLUMN,Y,,N,N,,,,,
PRODUCT_TCV_C,"NUMBER(35,17)",COLUMN,Y,,N,N,,,,,
OVERRIDE_PRODUCT_ACV_CHECKBOX_C,BOOLEAN,COLUMN,Y,,N,N,,,,,
OVERRIDE_PRODUCT_ACV_C,"NUMBER(35,17)",COLUMN,Y,,N,N,,,,,
OUT_YEAR_PRODUCT_ACV_C,"NUMBER(35,17)",COLUMN,Y,,N,N,,,,,
PRIMARY_COMPETITOR_C,VARCHAR(765),COLUMN,Y,,N,N,,,,,
PRODUCT_FORECAST_TCV_C,FLOAT,COLUMN,Y,,N,N,,,,,
CURRENT_SIEM_C,VARCHAR(765),COLUMN,Y,,N,N,,,,,
PARTNER_COMPLIANCE_APPROVAL_REQUIRED_C,BOOLEAN,COLUMN,Y,,N,N,,,,,
PARTNER_COMPLIANCE_APPROVAL_COMPLETED_C,BOOLEAN,COLUMN,Y,,N,N,,,,,
PRODUCT_FORECAST_TCV_C_LOCALCURRENCY,"NUMBER(35,17)",COLUMN,Y,,N,N,,,,,
AZURE_CUSTOMER_ID_C,VARCHAR(765),COLUMN,Y,,N,N,,,,,
AZURE_ORDER_ID_C,VARCHAR(765),COLUMN,Y,,N,N,,,,,
MARKETPLACE_ORDER_ID_C,VARCHAR(765),COLUMN,Y,,N,N,,,,,
MARKETPLACE_CUSTOMER_ID_C,VARCHAR(765),COLUMN,Y,,N,N,,,,,
EDU_INVESTMENT_AMOUNT_C,"NUMBER(35,17)",COLUMN,Y,,N,N,,,,,
MIGRATION_INVESTMENT_AMOUNT_C,"NUMBER(35,17)",COLUMN,Y,,N,N,,,,,
PS_INVESTMENT_AMOUNT_C,"NUMBER(35,17)",COLUMN,Y,,N,N,,,,,
GROWTH_ACV_C,"NUMBER(35,17)",COLUMN,Y,,N,N,,,,,
GROWTH_ACV_NUMBER_C,FLOAT,COLUMN,Y,,N,N,,,,,
PARTNER_INCENTIVES_AMOUNT_C,FLOAT,COLUMN,Y,,N,N,,,,,
NO_OF_DAYS_PAST_NBCD_C,FLOAT,COLUMN,Y,,N,N,,,,,
SUPPORT_ACV_FOR_YEAR_1_C,"NUMBER(35,17)",COLUMN,Y,,N,N,,,,,
SUPPORT_ACV_FOR_YEAR_2_C,"NUMBER(35,17)",COLUMN,Y,,N,N,,,,,
SUPPORT_ACV_FOR_YEAR_3_C,"NUMBER(35,17)",COLUMN,Y,,N,N,,,,,
SUPPORT_ACV_FOR_YEAR_4_C,"NUMBER(35,17)",COLUMN,Y,,N,N,,,,,
SUPPORT_ACV_FOR_YEAR_5_C,"NUMBER(35,17)",COLUMN,Y,,N,N,,,,,
PRIORITY_PIPELINE_C,BOOLEAN,COLUMN,Y,,N,N,,,,,
EXTERNAL_QUOTING_ENABLED_C,BOOLEAN,COLUMN,Y,,N,N,,,,,
MARKETPLACE_COMMISSION_RATE_C,FLOAT,COLUMN,Y,,N,N,,,,,
MULTI_BILLING_ENABLED_C,BOOLEAN,COLUMN,Y,,N,N,,,,,
SOW_ADDENDUM_C,VARCHAR(3900),COLUMN,Y,,N,N,,,,,
SOW_ADDENDUM_OVERRIDE_C,VARCHAR(765),COLUMN,Y,,N,N,,,,,
PS_T_SELLER_C,VARCHAR(18),COLUMN,Y,,N,N,,,,,
ACV_C,"NUMBER(35,17)",COLUMN,Y,,N,N,,,,,
NEW_LOGO_C,FLOAT,COLUMN,Y,,N,N,,,,,
AWS_AGREEMENT_ID_C,VARCHAR(765),COLUMN,Y,,N,N,,,,,
GCP_CUSTOMER_ID_C,VARCHAR(765),COLUMN,Y,,N,N,,,,,
GCP_ORDER_ID_C,VARCHAR(765),COLUMN,Y,,N,N,,,,,
AVERAGE_PRODUCT_ACV_C,"NUMBER(35,17)",COLUMN,Y,,N,N,,,,,
OUT_YEAR_GROWTH_ACV_C,"NUMBER(35,17)",COLUMN,Y,,N,N,,,,,
COMPLIANCE_EXCEPTION_C,BOOLEAN,COLUMN,Y,,N,N,,,,,
PUBLIC_SECTOR_FRAMEWORK_AGREEMENT_C,VARCHAR(765),COLUMN,Y,,N,N,,,,,
PS_T_INVESTMENT_AMOUNT_C,"NUMBER(35,17)",COLUMN,Y,,N,N,,,,,
COUNT_OF_SERVICES_LINES_C,FLOAT,COLUMN,Y,,N,N,,,,,
RENEWAL_RIP_REPLACE_C,BOOLEAN,COLUMN,Y,,N,N,,,,,
REJECTION_NOTES_C,VARCHAR(765),COLUMN,Y,,N,N,,,,,
REJECTION_REASON_C,VARCHAR(765),COLUMN,Y,,N,N,,,,,
CODE_ASSESSMENT_COMPLETED_C,BOOLEAN,COLUMN,Y,,N,N,,,,,
ENRICHMENT_C,VARCHAR(765),COLUMN,Y,,N,N,,,,,
CO_SELL_CAP_IDENTIFIER_C,VARCHAR(765),COLUMN,Y,,N,N,,,,,
ACCOUNT_NAME_C,VARCHAR(3900),COLUMN,Y,,N,N,,,,,
DISTRICT_C,VARCHAR(3900),COLUMN,Y,,N,N,,,,,
CLM_ENTITY_C,VARCHAR(3900),COLUMN,Y,,N,N,,,,,
PEOPLEAI_TIME_SPENT_C,FLOAT,COLUMN,Y,,N,N,,,,,
PEOPLEAI_LAST_EMAIL_RECEIVED_DATE_C,TIMESTAMP_TZ(9),COLUMN,Y,,N,N,,,,,
PEOPLEAI_TOTAL_TIME_SPENT_C,VARCHAR(765),COLUMN,Y,,N,N,,,,,
PEOPLEAI_NEXT_MEETING_DATE_C,TIMESTAMP_TZ(9),COLUMN,Y,,N,N,,,,,
PEOPLEAI_LAST_MEETING_DATE_C,TIMESTAMP_TZ(9),COLUMN,Y,,N,N,,,,,
PEOPLEAI_ENGAGEMENT_LEVEL_C,FLOAT,COLUMN,Y,,N,N,,,,,
PEOPLEAI_FIRST_TOUCH_C,TIMESTAMP_TZ(9),COLUMN,Y,,N,N,,,,,
PEOPLEAI_LAST_EMAIL_SENT_DATE_C,TIMESTAMP_TZ(9),COLUMN,Y,,N,N,,,,,
PEOPLEAI_LAST_EMAIL_RECEIVED_FROM_C,VARCHAR(240),COLUMN,Y,,N,N,,,,,
PEOPLEAI_LAST_EMAIL_SENT_FROM_C,VARCHAR(240),COLUMN,Y,,N,N,,,,,
PEOPLEAI_LAST_TOUCHED_C,TIMESTAMP_TZ(9),COLUMN,Y,,N,N,,,,,
SDR_MEETING_STAGE_C,VARCHAR(765),COLUMN,Y,,N,N,,,,,
OM_BOOKING_NOTES_C,VARCHAR(98304),COLUMN,Y,,N,N,,,,,
OM_BOOKING_NOTES_STATUS_C,VARCHAR(765),COLUMN,Y,,N,N,,,,,
SUB_AGREEMENT_TYPE_C,VARCHAR(765),COLUMN,Y,,N,N,,,,,
CAP_1_OVERRIDE_C,BOOLEAN,COLUMN,Y,,N,N,,,,,
WIN_SUMMARY_C,VARCHAR(393216),COLUMN,Y,,N,N,,,,,
OY_PULL_FORWARD_C,BOOLEAN,COLUMN,Y,,N,N,,,,,
REPLACE_FULLY_EXECUTED_OF_C,VARCHAR(98304),COLUMN,Y,,N,N,,,,,
TOTAL_ACV_C,"NUMBER(35,17)",COLUMN,Y,,N,N,,,,,
PIPELINE_INFLUENCE_C,VARCHAR(765),COLUMN,Y,,N,N,,,,,
EXCEPTION_DEAL_TYPE_C,VARCHAR(4099),COLUMN,Y,,N,N,,,,,
